[
  {
    "name": "Agra"
  },{
    "name": "Banaras"
  },{
    "name": "Chennai"
  },{
    "name": "Delhi"
  },{
    "name": "Dehradun"
  },{
    "name": "Ellora"
  },{
    "name": "Fatehpur"
  },{
    "name": "Gurgaon"
  },{
    "name": "Hubli"
  },{
    "name": "Igatpuri"
  },{
    "name": "Jaipur"
  },{
    "name": "Kolkata"
  },{
    "name": "Lukhnow"
  },{
    "name": "Mumbai"
  },{
    "name": "New Delhi"
  },{
    "name": "Osmanabad"
  },{
    "name": "Pune"
  }
]